﻿Designator,Quantity,Value,Footprint,Package,MPN,DNP,Mount_Type,Description
BT1,1,Battery_Cell,BatteryHolder_MPD_BH-18650-PC2,,,,tht,Single-cell battery
"C1, C11, C13, C14, C15, C16, C17, C22, C23, C28, C29, C34, C36, C37, C4, C7, C8, C9",18,"0,1 мкФ 25 В",C_0603_1608Metric_Pad1.08x0.95mm_HandSolder,,,,smt,Unpolarized capacitor
"C10, C18, C24, C27",4,1 мкФ 25 В,C_0603_1608Metric_Pad1.08x0.95mm_HandSolder,,,,smt,Unpolarized capacitor
C12,1,"4,7 мкФ 25 В",C_0603_1608Metric_Pad1.08x0.95mm_HandSolder,,,,smt,Unpolarized capacitor
"C19, C21",2,1 нФ 25 В,C_0603_1608Metric_Pad1.08x0.95mm_HandSolder,,,,smt,Unpolarized capacitor
"C2, C3",2,18 пФ 25 В,C_0603_1608Metric_Pad1.08x0.95mm_HandSolder,,,,smt,Unpolarized capacitor
"C20, C25, C26, C30, C31, C32, C33",7,10 мкФ 25 В,C_0603_1608Metric_Pad1.08x0.95mm_HandSolder,,,,smt,Unpolarized capacitor
C35,1,12 пФ 25 В,C_0603_1608Metric_Pad1.08x0.95mm_HandSolder,,,Yes,smt,Unpolarized capacitor
"C5, C6",2,12 пФ 25 В,C_0603_1608Metric_Pad1.08x0.95mm_HandSolder,,,,smt,Unpolarized capacitor
D1,1,TEMT6000,TEMT6000,,,,smt,Ambient Light Sensor
D2,1,AHT10,AHT10,,,,smt,
D3,1,SMM4F5.0,D_SMB,,,,smt,"600W unidirectional Transil Transient Voltage Suppressor, 12Vrwm, DO-214AA"
D4,1,FS8205A,SOT-23-6_Handsoldering,,,,smt,2N MOSFET
D5,1,TPS63070,VQFN-15_2.5x3_Pitch0.5mm,,,,smt,2-V to 16-V Buck-Boost Converter With 3.6-A Switch Current
D6,1,LSM6DSR,LGA-14_3x2.5mm_P0.5mm_LayoutBorder3x4y,,,,smt,iNEMO inertial module: always-on 3D accelerometer and 3D gyroscope
IC1,1,E22-900T22D,LoRa module,,,,smt,LoRa 22dBm Transmitt-Receive Module
J1,1,Conn_01x03_Pin,PinHeader_1x03_P2.54mm_Vertical,,,,tht,"Generic connector, single row, 01x03, script generated"
J2,1,Conn_01x05_Pin,PinHeader_1x05_P2.54mm_Vertical,,,,tht,"Generic connector, single row, 01x05, script generated"
J3,1,Conn_01x02_Pin,PinHeader_1x02_P2.54mm_Vertical,,,,tht,"Generic connector, single row, 01x02, script generated"
L1,1,L,L_Neosid_SMS-ME3015,,,,smt,Inductor
L2,1,10 мкГн,L_Neosid_SMS-ME3015,,,,smt,Inductor
L3,1,1 мкГн,L_Wurth_WE-LQSH-3012,,,,smt,Inductor
L4,1,L,L_0805_2012Metric_Pad1.15x1.40mm_HandSolder,,,,smt,Inductor
L6,1,L,L_0805_2012Metric_Pad1.15x1.40mm_HandSolder,,,Yes,smt,Inductor
Q1,1,SI2301,SOT-23,,,,smt,"-2.2A Id, -20V Vds, P-Channel MOSFET, SOT-23"
"R1, R10, R12, R2, R20, R3, R8",7,10 кОм,R_0603_1608Metric_Pad0.98x0.95mm_HandSolder,,,,smt,Resistor
R11,1,10 кОм,R_0603_1608Metric_Pad0.98x0.95mm_HandSolder,,,Yes,smt,Resistor
"R13, R14, R18, R7",4,1 кОм,R_0603_1608Metric_Pad0.98x0.95mm_HandSolder,,,,smt,Resistor
"R15, R25",2,240 мОм,R_1206_3216Metric,,,,smt,Resistor
R16,1,160 кОм,R_0603_1608Metric_Pad0.98x0.95mm_HandSolder,,,,smt,Resistor
R17,1,68 кОм,R_0603_1608Metric_Pad0.98x0.95mm_HandSolder,,,,smt,Resistor
R19,1,100 Ом,R_0603_1608Metric_Pad0.98x0.95mm_HandSolder,,,,smt,Resistor
R21,1,100 кОм,R_0603_1608Metric_Pad0.98x0.95mm_HandSolder,,,,smt,Resistor
R22,1,470 кОм,R_0603_1608Metric_Pad0.98x0.95mm_HandSolder,,,,smt,Resistor
R23,1,150 кОм,R_0603_1608Metric_Pad0.98x0.95mm_HandSolder,,,,smt,Resistor
"R24, R4, R5",3,22 Ом,R_0603_1608Metric_Pad0.98x0.95mm_HandSolder,,,,smt,Resistor
R6,1,10 МОм,R_0603_1608Metric_Pad0.98x0.95mm_HandSolder,,,,smt,Resistor
R9,1,10 кОм,R_0603_1608Metric_Pad0.98x0.95mm_HandSolder,,,Yes,smt,Resistor
SC1,1,Solar_Cell,SolderWire-0.75sqmm_1x02_P4.8mm_D1.25mm_OD2.3mm,,,,tht,Single solar cell
"SW1, SW2",2,SW_Push,FSM8JSMATR,,,,smt,"Push button switch, generic, two pins"
U2,1,BME280,Bosch_LGA-8_2.5x2.5mm_P0.65mm_ClockwisePinNumbering,,,,smt,"3-in-1 sensor, humidity, pressure, temperature, I2C and SPI interface, 1.71-3.6V, LGA-8"
U3,1,W25Q32JVSS,SOIC-8_5.3x5.3mm_P1.27mm,,,,smt,"32Mbit / 4MiB Serial Flash Memory, Standard/Dual/Quad SPI, 2.7-3.6V, SOIC-8 (208 mil)"
U4,1,SPV1040,TSSOP-8_4.4x3mm_P0.65mm,,,,smt,
U5,1,DW01A,SOT-23-6,,,,smt,"Overcharge, overcurrent and overdischarge protection IC for single cell lithium-ion/polymer battery"
U6,1,STM32F411CEUx,QFN-48-1EP_7x7mm_P0.5mm_EP5.6x5.6mm,,,,smt,"STMicroelectronics Arm Cortex-M4 MCU, 512KB flash, 128KB RAM, 100 MHz, 1.7-3.6V, 36 GPIO, UFQFPN48"
Y3,1,ABM3-25.000MHz-D2Y-T,Crystal_SMD_3225-4Pin_3.2x2.5mm,,,,smt,"Four pin crystal, GND on pins 2 and 4"
Y4,1,KX-327NHT,Crystal_SMD_EuroQuartz_EQ161-2Pin_3.2x1.5mm_HandSoldering,,,,smt,crystal 32.768kHz
Y5,1,Crystal,SolderWire-0.75sqmm_1x02_P4.8mm_D1.25mm_OD2.3mm,,,,tht,Two pin crystal
