﻿pos_x,pos_y,rotation,side,designator,mpn,pack,footprint,value,mount_type
130.3,-44.15,180.0,top,BT1,,,BatteryHolder_MPD_BH-18650-PC2,Battery_Cell,tht
143.16,-99.26,-90.0,top,C1,,,C_0603_1608Metric_Pad1.08x0.95mm_HandSolder,"0,1 мкФ 25 В",smt
127.11,-76.56,0.0,top,C10,,,C_0603_1608Metric_Pad1.08x0.95mm_HandSolder,1 мкФ 25 В,smt
127.11,-78.09,0.0,top,C11,,,C_0603_1608Metric_Pad1.08x0.95mm_HandSolder,"0,1 мкФ 25 В",smt
117.235,-73.37,-90.0,top,C12,,,C_0603_1608Metric_Pad1.08x0.95mm_HandSolder,"4,7 мкФ 25 В",smt
126.01,-84.76,-90.0,top,C13,,,C_0603_1608Metric_Pad1.08x0.95mm_HandSolder,"0,1 мкФ 25 В",smt
127.14,-63.88,0.0,top,C14,,,C_0603_1608Metric_Pad1.08x0.95mm_HandSolder,"0,1 мкФ 25 В",smt
94.76,-107.81,90.0,top,C15,,,C_0603_1608Metric_Pad1.08x0.95mm_HandSolder,"0,1 мкФ 25 В",smt
102.56,-108.21,90.0,top,C16,,,C_0603_1608Metric_Pad1.08x0.95mm_HandSolder,"0,1 мкФ 25 В",smt
121.02,-94.835,-90.0,top,C17,,,C_0603_1608Metric_Pad1.08x0.95mm_HandSolder,"0,1 мкФ 25 В",smt
113.42,-95.935,-90.0,top,C18,,,C_0603_1608Metric_Pad1.08x0.95mm_HandSolder,1 мкФ 25 В,smt
126.56,-120.51,-90.0,top,C19,,,C_0603_1608Metric_Pad1.08x0.95mm_HandSolder,1 нФ 25 В,smt
131.46,-79.857499,90.0,top,C2,,,C_0603_1608Metric_Pad1.08x0.95mm_HandSolder,18 пФ 25 В,smt
130.66,-106.61,0.0,top,C20,,,C_0603_1608Metric_Pad1.08x0.95mm_HandSolder,10 мкФ 25 В,smt
130.66,-108.41,0.0,top,C21,,,C_0603_1608Metric_Pad1.08x0.95mm_HandSolder,1 нФ 25 В,smt
103.9475,-119.49625,90.0,top,C22,,,C_0603_1608Metric_Pad1.08x0.95mm_HandSolder,"0,1 мкФ 25 В",smt
112.550001,-61.33,90.0,top,C23,,,C_0603_1608Metric_Pad1.08x0.95mm_HandSolder,"0,1 мкФ 25 В",smt
110.85,-61.33,90.0,top,C24,,,C_0603_1608Metric_Pad1.08x0.95mm_HandSolder,1 мкФ 25 В,smt
109.05,-61.33,90.0,top,C25,,,C_0603_1608Metric_Pad1.08x0.95mm_HandSolder,10 мкФ 25 В,smt
121.56,-113.01,90.0,top,C26,,,C_0603_1608Metric_Pad1.08x0.95mm_HandSolder,10 мкФ 25 В,smt
123.26,-113.01,90.0,top,C27,,,C_0603_1608Metric_Pad1.08x0.95mm_HandSolder,1 мкФ 25 В,smt
144.04,-42.45,0.0,top,C28,,,C_0603_1608Metric_Pad1.08x0.95mm_HandSolder,"0,1 мкФ 25 В",smt
136.715,-55.95,90.0,top,C29,,,C_0603_1608Metric_Pad1.08x0.95mm_HandSolder,"0,1 мкФ 25 В",smt
131.44,-83.197499,-90.0,top,C3,,,C_0603_1608Metric_Pad1.08x0.95mm_HandSolder,18 пФ 25 В,smt
144.415,-49.85,0.0,top,C30,,,C_0603_1608Metric_Pad1.08x0.95mm_HandSolder,10 мкФ 25 В,smt
144.5525,-61.85,180.0,top,C31,,,C_0603_1608Metric_Pad1.08x0.95mm_HandSolder,10 мкФ 25 В,smt
144.5525,-60.35,180.0,top,C32,,,C_0603_1608Metric_Pad1.08x0.95mm_HandSolder,10 мкФ 25 В,smt
144.5525,-58.84,180.0,top,C33,,,C_0603_1608Metric_Pad1.08x0.95mm_HandSolder,10 мкФ 25 В,smt
126.66,-98.31,90.0,top,C34,,,C_0603_1608Metric_Pad1.08x0.95mm_HandSolder,"0,1 мкФ 25 В",smt
85.21,-91.18,0.0,top,C35,,,C_0603_1608Metric_Pad1.08x0.95mm_HandSolder,12 пФ 25 В,smt
136.28,-87.68,90.0,top,C4,,,C_0603_1608Metric_Pad1.08x0.95mm_HandSolder,"0,1 мкФ 25 В",smt
129.142079,-86.944749,180.0,top,C5,,,C_0603_1608Metric_Pad1.08x0.95mm_HandSolder,12 пФ 25 В,smt
132.522079,-86.82475,0.0,top,C6,,,C_0603_1608Metric_Pad1.08x0.95mm_HandSolder,12 пФ 25 В,smt
115.635,-75.06,90.0,top,C7,,,C_0603_1608Metric_Pad1.08x0.95mm_HandSolder,"0,1 мкФ 25 В",smt
112.735,-84.07,180.0,top,C8,,,C_0603_1608Metric_Pad1.08x0.95mm_HandSolder,"0,1 мкФ 25 В",smt
122.635,-87.17,180.0,top,C9,,,C_0603_1608Metric_Pad1.08x0.95mm_HandSolder,"0,1 мкФ 25 В",smt
147.76,-79.71,0.0,top,D1,,,TEMT6000,TEMT6000,smt
98.3525,-118.49625,0.0,top,D2,,,AHT10,AHT10,smt
114.56,-116.41,90.0,top,D3,,,D_SMB,SMM4F5.0,smt
138.64,-41.35,90.0,top,D4,,,SOT-23-6_Handsoldering,FS8205A,smt
140.815,-54.95,0.0,top,D5,,,VQFN-15_2.5x3_Pitch0.5mm,TPS63070,smt
88.81,-67.49,-90.0,top,IC1,,,LoRa module,E22-900T22D,smt
95.52625,-84.27,0.0,top,J2,,,PinHeader_1x04_P2.54mm_Vertical,Conn_01x04_Pin,tht
98.42,-106.57,0.0,top,L1,,,L_Neosid_SMS-ME3015,L,smt
125.16,-108.11,-90.0,top,L2,,,L_Neosid_SMS-ME3015,10 мкГн,smt
145.215,-55.05,-90.0,top,L3,,,L_Wurth_WE-LQSH-3012,1 мкГн,smt
126.93,-74.76,0.0,top,L4,,,L_0805_2012Metric_Pad1.15x1.40mm_HandSolder,L,smt
85.21,-86.38,0.0,top,L6,,,L_0805_2012Metric_Pad1.15x1.40mm_HandSolder,L,smt
144.14,-45.35,-90.0,top,Q1,,,SOT-23,SI2301,smt
155.16,-97.06,-90.0,top,R1,,,R_0603_1608Metric_Pad0.98x0.95mm_HandSolder,10 кОм,smt
147.96,-84.61,0.0,top,R10,,,R_0603_1608Metric_Pad0.98x0.95mm_HandSolder,10 кОм,smt
117.62,-98.535,180.0,top,R11,,,R_0603_1608Metric_Pad0.98x0.95mm_HandSolder,10 кОм,smt
115.22,-99.435,90.0,top,R12,,,R_0603_1608Metric_Pad0.98x0.95mm_HandSolder,10 кОм,smt
125.06,-113.01,90.0,top,R13,,,R_0603_1608Metric_Pad0.98x0.95mm_HandSolder,1 кОм,smt
124.96,-116.41,-90.0,top,R14,,,R_0603_1608Metric_Pad0.98x0.95mm_HandSolder,1 кОм,smt
119.36,-114.61,-90.0,top,R15,,,R_1206_3216Metric,240 мОм,smt
121.66,-119.51,180.0,top,R16,,,R_0603_1608Metric_Pad0.98x0.95mm_HandSolder,160 кОм,smt
124.56,-120.51,90.0,top,R17,,,R_0603_1608Metric_Pad0.98x0.95mm_HandSolder,68 кОм,smt
139.44,-36.65,180.0,top,R18,,,R_0603_1608Metric_Pad0.98x0.95mm_HandSolder,1 кОм,smt
141.44,-44.75,90.0,top,R19,,,R_0603_1608Metric_Pad0.98x0.95mm_HandSolder,100 Ом,smt
128.16,-98.31,-90.0,top,R2,,,R_0603_1608Metric_Pad0.98x0.95mm_HandSolder,10 кОм,smt
140.415,-49.85,180.0,top,R20,,,R_0603_1608Metric_Pad0.98x0.95mm_HandSolder,10 кОм,smt
136.715,-52.55,-90.0,top,R21,,,R_0603_1608Metric_Pad0.98x0.95mm_HandSolder,100 кОм,smt
140.115,-60.05,180.0,top,R22,,,R_0603_1608Metric_Pad0.98x0.95mm_HandSolder,470 кОм,smt
138.315,-58.55,0.0,top,R23,,,R_0603_1608Metric_Pad0.98x0.95mm_HandSolder,150 кОм,smt
119.235,-74.17,90.0,top,R3,,,R_0603_1608Metric_Pad0.98x0.95mm_HandSolder,10 кОм,smt
103.42625,-84.21,180.0,top,R4,,,R_0603_1608Metric_Pad0.98x0.95mm_HandSolder,22 Ом,smt
103.42625,-86.81,180.0,top,R5,,,R_0603_1608Metric_Pad0.98x0.95mm_HandSolder,22 Ом,smt
85.21,-88.68,0.0,top,R6,,,R_0603_1608Metric_Pad0.98x0.95mm_HandSolder,10 МОм,smt
128.16,-107.51,-90.0,top,R7,,,R_0603_1608Metric_Pad0.98x0.95mm_HandSolder,1 кОм,smt
97.6475,-113.09625,180.0,top,R8,,,R_0603_1608Metric_Pad0.98x0.95mm_HandSolder,10 кОм,smt
97.6475,-114.59625,180.0,top,R9,,,R_0603_1608Metric_Pad0.98x0.95mm_HandSolder,10 кОм,smt
146.21,-97.01,0.0,top,SW1,,,SW_PUSH_6mm_H7.3mm,SW_Push,tht
132.81,-96.26,0.0,top,SW2,,,SW_PUSH_6mm_H7.3mm,SW_Push,tht
117.05,-96.035,-90.0,top,U2,,,Bosch_LGA-8_2.5x2.5mm_P0.65mm_ClockwisePinNumbering,BME280,smt
127.21,-67.88,180.0,top,U3,,,SOIC-8_5.3x5.3mm_P1.27mm,W25Q32JVSS,smt
127.935,-114.5725,-90.0,top,U4,,,TSSOP-8_4.4x3mm_P0.65mm,SPV1040,smt
143.04,-39.15,-90.0,top,U5,,,SOT-23-6,DW01A,smt
119.9725,-81.01,180.0,top,U6,,,QFN-48-1EP_7x7mm_P0.5mm_EP5.6x5.6mm,STM32F411CEUx,smt
135.04,-81.46,-90.0,top,Y3,,,Crystal_SMD_3225-4Pin_3.2x2.5mm_HandSoldering,ABM3-25.000MHz-D2Y-T,smt
130.742079,-88.944749,0.0,top,Y4,,,Crystal_SMD_EuroQuartz_EQ161-2Pin_3.2x1.5mm_HandSoldering,KX-327NHT,smt
