﻿pos_x,pos_y,rotation,side,designator,mpn,pack,footprint,value,mount_type
136.0,-40.5,180.0,top,BT1,,,BatteryHolder_MPD_BH-18650-PC2,Battery_Cell,tht
72.84,-85.48,90.0,top,C1,,,C_0603_1608Metric_Pad1.08x0.95mm_HandSolder,"0,1 мкФ 25 В",smt
114.34,-94.06,-90.0,top,C10,,,C_0603_1608Metric_Pad1.08x0.95mm_HandSolder,1 мкФ 25 В,smt
112.7,-93.31,-90.0,top,C11,,,C_0603_1608Metric_Pad1.08x0.95mm_HandSolder,"0,1 мкФ 25 В",smt
117.77185,-81.4926,0.0,top,C12,,,C_0603_1608Metric_Pad1.08x0.95mm_HandSolder,"4,7 мкФ 25 В",smt
106.45,-90.3375,180.0,top,C13,,,C_0603_1608Metric_Pad1.08x0.95mm_HandSolder,"0,1 мкФ 25 В",smt
127.48865,-89.244,-90.0,top,C14,,,C_0603_1608Metric_Pad1.08x0.95mm_HandSolder,"0,1 мкФ 25 В",smt
100.787499,-70.93,180.0,top,C15,,,C_0603_1608Metric_Pad1.08x0.95mm_HandSolder,"0,1 мкФ 25 В",smt
104.23,-72.727499,-90.0,top,C16,,,C_0603_1608Metric_Pad1.08x0.95mm_HandSolder,"0,1 мкФ 25 В",smt
89.4164,-99.158799,90.0,top,C17,,,C_0603_1608Metric_Pad1.08x0.95mm_HandSolder,"0,1 мкФ 25 В",smt
95.1264,-97.7388,90.0,top,C18,,,C_0603_1608Metric_Pad1.08x0.95mm_HandSolder,1 мкФ 25 В,smt
120.106251,-58.01125,90.0,top,C19,,,C_0603_1608Metric_Pad1.08x0.95mm_HandSolder,1 нФ 25 В,smt
111.352501,-95.7875,0.0,top,C2,,,C_0603_1608Metric_Pad1.08x0.95mm_HandSolder,18 пФ 25 В,smt
116.006252,-71.91125,180.0,top,C20,,,C_0603_1608Metric_Pad1.08x0.95mm_HandSolder,10 мкФ 25 В,smt
116.006251,-70.11125,180.0,top,C21,,,C_0603_1608Metric_Pad1.08x0.95mm_HandSolder,1 нФ 25 В,smt
76.564,-95.6944,-90.0,top,C22,,,C_0603_1608Metric_Pad1.08x0.95mm_HandSolder,"0,1 мкФ 25 В",smt
94.024,-58.862501,90.0,top,C23,,,C_0603_1608Metric_Pad1.08x0.95mm_HandSolder,"0,1 мкФ 25 В",smt
92.5,-58.862501,90.0,top,C24,,,C_0603_1608Metric_Pad1.08x0.95mm_HandSolder,1 мкФ 25 В,smt
90.976,-58.862501,90.0,top,C25,,,C_0603_1608Metric_Pad1.08x0.95mm_HandSolder,10 мкФ 25 В,smt
125.10625,-65.51125,-90.0,top,C26,,,C_0603_1608Metric_Pad1.08x0.95mm_HandSolder,10 мкФ 25 В,smt
123.406251,-65.511248,-90.0,top,C27,,,C_0603_1608Metric_Pad1.08x0.95mm_HandSolder,1 мкФ 25 В,smt
139.18,-64.890001,-90.0,top,C28,,,C_0603_1608Metric_Pad1.08x0.95mm_HandSolder,"0,1 мкФ 25 В",smt
108.09,-59.19,0.0,top,C29,,,C_0603_1608Metric_Pad1.08x0.95mm_HandSolder,"0,1 мкФ 25 В",smt
108.012502,-95.7675,180.0,top,C3,,,C_0603_1608Metric_Pad1.08x0.95mm_HandSolder,18 пФ 25 В,smt
114.19,-66.89,-90.0,top,C30,,,C_0603_1608Metric_Pad1.08x0.95mm_HandSolder,10 мкФ 25 В,smt
102.189999,-67.0275,90.0,top,C31,,,C_0603_1608Metric_Pad1.08x0.95mm_HandSolder,10 мкФ 25 В,smt
103.69,-67.027501,90.0,top,C32,,,C_0603_1608Metric_Pad1.08x0.95mm_HandSolder,10 мкФ 25 В,smt
105.2,-67.0275,90.0,top,C33,,,C_0603_1608Metric_Pad1.08x0.95mm_HandSolder,10 мкФ 25 В,smt
86.7,-79.2,0.0,top,C34,,,C_0603_1608Metric_Pad1.08x0.95mm_HandSolder,"0,1 мкФ 25 В",smt
133.829999,-88.421249,-90.0,top,C35,,,C_0603_1608Metric_Pad1.08x0.95mm_HandSolder,12 пФ 25 В,smt
94.5,-63.25,90.0,top,C36,,,C_0603_1608Metric_Pad1.08x0.95mm_HandSolder,"0,1 мкФ 25 В",smt
98.75,-61.0,180.0,top,C37,,,C_0603_1608Metric_Pad1.08x0.95mm_HandSolder,"0,1 мкФ 25 В",smt
101.47,-101.05,0.0,top,C4,,,C_0603_1608Metric_Pad1.08x0.95mm_HandSolder,"0,1 мкФ 25 В",smt
104.265251,-93.469579,90.0,top,C5,,,C_0603_1608Metric_Pad1.08x0.95mm_HandSolder,12 пФ 25 В,smt
104.38525,-96.849579,-90.0,top,C6,,,C_0603_1608Metric_Pad1.08x0.95mm_HandSolder,12 пФ 25 В,smt
116.15,-79.9625,0.0,top,C7,,,C_0603_1608Metric_Pad1.08x0.95mm_HandSolder,"0,1 мкФ 25 В",smt
105.9,-79.0,180.0,top,C8,,,C_0603_1608Metric_Pad1.08x0.95mm_HandSolder,"0,1 мкФ 25 В",smt
104.04,-86.9625,90.0,top,C9,,,C_0603_1608Metric_Pad1.08x0.95mm_HandSolder,"0,1 мкФ 25 В",smt
116.555,-75.6,90.0,top,D1,,,TEMT6000,TEMT6000,smt
80.32,-96.04,180.0,top,D2,,,AHT10,AHT10,smt
131.77,-65.499999,-90.0,top,D3,,,D_SMB,SMM4F5.0,smt
140.28,-59.49,0.0,top,D4,,,SOT-23-6_Handsoldering,FS8205A,smt
109.09,-63.29,-90.0,top,D5,,,VQFN-15_2.5x3_Pitch0.5mm,TPS63070,smt
97.0,-63.25,180.0,top,D6,,,LGA-14_3x2.5mm_P0.5mm_LayoutBorder3x4y,LSM6DSR,smt
71.62,-66.56,-90.0,top,IC1,,,LoRa module,E22-900T22D,smt
119.560001,-99.2,90.0,top,J1,,,PinHeader_1x03_P2.54mm_Vertical,Conn_01x03_Pin,tht
93.6,-89.579999,180.0,top,J2,,,PinHeader_1x05_P2.54mm_Vertical,Conn_01x05_Pin,tht
126.41,-77.235,0.0,top,J3,,,PinHeader_1x02_P2.54mm_Vertical,Conn_01x02_Pin,tht
97.380001,-75.18,0.0,top,L1,,,L_Neosid_SMS-ME3015,L,smt
121.506252,-70.41125,90.0,top,L2,,,L_Neosid_SMS-ME3015,10 мкГн,smt
108.99,-67.69,180.0,top,L3,,,L_Wurth_WE-LQSH-3012,1 мкГн,smt
116.13,-94.08,-90.0,top,L4,,,L_0805_2012Metric_Pad1.15x1.40mm_HandSolder,L,smt
138.109548,-87.681772,180.0,top,L6,,,L_0805_2012Metric_Pad1.15x1.40mm_HandSolder,L,smt
136.28,-64.990001,180.0,top,Q1,,,SOT-23,SI2301,smt
73.6625,-90.5,180.0,top,R1,,,R_0603_1608Metric_Pad0.98x0.95mm_HandSolder,10 кОм,smt
121.455,-75.4,90.0,top,R10,,,R_0603_1608Metric_Pad0.98x0.95mm_HandSolder,10 кОм,smt
91.59,-95.15,0.0,top,R11,,,R_0603_1608Metric_Pad0.98x0.95mm_HandSolder,10 кОм,smt
94.93,-95.15,180.0,top,R12,,,R_0603_1608Metric_Pad0.98x0.95mm_HandSolder,10 кОм,smt
121.606252,-65.511249,-90.0,top,R13,,,R_0603_1608Metric_Pad0.98x0.95mm_HandSolder,1 кОм,smt
121.70625,-62.11125,90.0,top,R14,,,R_0603_1608Metric_Pad0.98x0.95mm_HandSolder,1 кОм,smt
127.30625,-63.91125,90.0,top,R15,,,R_1206_3216Metric,240 мОм,smt
125.006252,-59.011249,0.0,top,R16,,,R_0603_1608Metric_Pad0.98x0.95mm_HandSolder,160 кОм,smt
122.106252,-58.01125,-90.0,top,R17,,,R_0603_1608Metric_Pad0.98x0.95mm_HandSolder,68 кОм,smt
138.719999,-67.620001,180.0,top,R18,,,R_0603_1608Metric_Pad0.98x0.95mm_HandSolder,1 кОм,smt
136.88,-62.29,0.0,top,R19,,,R_0603_1608Metric_Pad0.98x0.95mm_HandSolder,100 Ом,smt
86.7,-80.7,180.0,top,R2,,,R_0603_1608Metric_Pad0.98x0.95mm_HandSolder,10 кОм,smt
114.19,-62.89,90.0,top,R20,,,R_0603_1608Metric_Pad0.98x0.95mm_HandSolder,10 кОм,smt
111.49,-59.19,180.0,top,R21,,,R_0603_1608Metric_Pad0.98x0.95mm_HandSolder,100 кОм,smt
103.99,-62.59,90.0,top,R22,,,R_0603_1608Metric_Pad0.98x0.95mm_HandSolder,470 кОм,smt
105.49,-60.79,-90.0,top,R23,,,R_0603_1608Metric_Pad0.98x0.95mm_HandSolder,150 кОм,smt
98.0,-86.5,180.0,top,R24,,,R_0603_1608Metric_Pad0.98x0.95mm_HandSolder,22 Ом,smt
130.05,-70.93,180.0,top,R25,,,R_1206_3216Metric,240 мОм,smt
118.71165,-83.2452,0.0,top,R3,,,R_0603_1608Metric_Pad0.98x0.95mm_HandSolder,10 кОм,smt
98.3,-81.5,180.0,top,R4,,,R_0603_1608Metric_Pad0.98x0.95mm_HandSolder,22 Ом,smt
105.9,-77.5,180.0,top,R5,,,R_0603_1608Metric_Pad0.98x0.95mm_HandSolder,22 Ом,smt
142.119999,-88.451249,-90.0,top,R6,,,R_0603_1608Metric_Pad0.98x0.95mm_HandSolder,10 МОм,smt
118.506251,-71.011249,90.0,top,R7,,,R_0603_1608Metric_Pad0.98x0.95mm_HandSolder,1 кОм,smt
81.024999,-101.44,0.0,top,R8,,,R_0603_1608Metric_Pad0.98x0.95mm_HandSolder,10 кОм,smt
81.025,-99.94,0.0,top,R9,,,R_0603_1608Metric_Pad0.98x0.95mm_HandSolder,10 кОм,smt
65.16,-86.46,90.0,top,SW1,,,FSM8JSMATR,SW_Push,smt
83.2,-85.89,-90.0,top,SW2,,,FSM8JSMATR,SW_Push,smt
92.18,-97.67,90.0,top,U2,,,Bosch_LGA-8_2.5x2.5mm_P0.65mm_ClockwisePinNumbering,BME280,smt
123.48865,-89.314,90.0,top,U3,,,SOIC-8_5.3x5.3mm_P1.27mm,W25Q32JVSS,smt
118.731252,-63.94875,90.0,top,U4,,,TSSOP-8_4.4x3mm_P0.65mm,SPV1040,smt
142.48,-63.89,180.0,top,U5,,,SOT-23-6,DW01A,smt
110.2,-84.3,90.0,top,U6,,,QFN-48-1EP_7x7mm_P0.5mm_EP5.6x5.6mm,STM32F411CEUx,smt
110.1,-100.2,150.0,top,Y3,,,Crystal_SMD_3225-4Pin_3.2x2.5mm,ABM3-25.000MHz-D2Y-T,smt
102.265251,-95.069579,-90.0,top,Y4,,,Crystal_SMD_EuroQuartz_EQ161-2Pin_3.2x1.5mm_HandSoldering,KX-327NHT,smt
